planted_issue,check,planted,flagged,caught,recall,precision
missing_email,missing_email_contacts,66,66,66,1.0,1.0
missing_phone,missing_phone_contacts,119,119,119,1.0,1.0
missing_industry,missing_industry_contacts,211,211,211,1.0,1.0
missing_lead_source,missing_lead_source_contacts,158,158,158,1.0,1.0
missing_owner,missing_owner_contacts,53,53,53,1.0,1.0
missing_job_title,missing_job_title_contacts,132,132,132,1.0,1.0
duplicate_contact,duplicate_contacts,120,120,119,0.9916666666666667,0.9916666666666667
invalid_email,invalid_email,50,50,50,1.0,1.0
invalid_phone,invalid_phone,36,36,36,1.0,1.0
inconsistent_city,inconsistent_city_contacts,158,129,129,0.8164556962025317,1.0
inconsistent_industry,inconsistent_industry_contacts,111,90,90,0.8108108108108109,1.0
inconsistent_country,inconsistent_country_contacts,106,106,106,1.0,1.0
inconsistent_lead_source,inconsistent_lead_source_contacts,93,87,87,0.9354838709677419,1.0
inconsistent_stage,inconsistent_stage_deals,45,35,35,0.7777777777777778,1.0
future_date,future_created_contacts,7,7,7,1.0,1.0
missing_amount,missing_amount_deals,75,75,75,1.0,1.0
negative_amount,non_positive_amount,14,14,14,1.0,1.0
close_before_created,close_before_created,30,30,30,1.0,1.0
orphan_deal,orphan_deals,30,30,30,1.0,1.0
stale_record,stale_contacts,99,99,99,1.0,1.0
overdue_open_deal,overdue_open_deals,241,241,241,1.0,1.0
