table,record_id,issue
contacts,C11200,duplicate_contact
contacts,C11201,duplicate_contact
contacts,C11202,duplicate_contact
contacts,C11203,duplicate_contact
contacts,C11204,duplicate_contact
contacts,C11205,duplicate_contact
contacts,C11206,duplicate_contact
contacts,C11207,duplicate_contact
contacts,C11208,duplicate_contact
contacts,C11209,duplicate_contact
contacts,C11210,duplicate_contact
contacts,C11211,duplicate_contact
contacts,C11212,duplicate_contact
contacts,C11213,duplicate_contact
contacts,C11214,duplicate_contact
contacts,C11215,duplicate_contact
contacts,C11216,duplicate_contact
contacts,C11217,duplicate_contact
contacts,C11218,duplicate_contact
contacts,C11219,duplicate_contact
contacts,C11220,duplicate_contact
contacts,C11221,duplicate_contact
contacts,C11222,duplicate_contact
contacts,C11223,duplicate_contact
contacts,C11224,duplicate_contact
contacts,C11225,duplicate_contact
contacts,C11226,duplicate_contact
contacts,C11227,duplicate_contact
contacts,C11228,duplicate_contact
contacts,C11229,duplicate_contact
contacts,C11230,duplicate_contact
contacts,C11231,duplicate_contact
contacts,C11232,duplicate_contact
contacts,C11233,duplicate_contact
contacts,C11234,duplicate_contact
contacts,C11235,duplicate_contact
contacts,C11236,duplicate_contact
contacts,C11237,duplicate_contact
contacts,C11238,duplicate_contact
contacts,C11239,duplicate_contact
contacts,C11240,duplicate_contact
contacts,C11241,duplicate_contact
contacts,C11242,duplicate_contact
contacts,C11243,duplicate_contact
contacts,C11244,duplicate_contact
contacts,C11245,duplicate_contact
contacts,C11246,duplicate_contact
contacts,C11247,duplicate_contact
contacts,C11248,duplicate_contact
contacts,C11249,duplicate_contact
contacts,C11250,duplicate_contact
contacts,C11251,duplicate_contact
contacts,C11252,duplicate_contact
contacts,C11253,duplicate_contact
contacts,C11254,duplicate_contact
contacts,C11255,duplicate_contact
contacts,C11256,duplicate_contact
contacts,C11257,duplicate_contact
contacts,C11258,duplicate_contact
contacts,C11259,duplicate_contact
contacts,C11260,duplicate_contact
contacts,C11261,duplicate_contact
contacts,C11262,duplicate_contact
contacts,C11263,duplicate_contact
contacts,C11264,duplicate_contact
contacts,C11265,duplicate_contact
contacts,C11266,duplicate_contact
contacts,C11267,duplicate_contact
contacts,C11268,duplicate_contact
contacts,C11269,duplicate_contact
contacts,C11270,duplicate_contact
contacts,C11271,duplicate_contact
contacts,C11272,duplicate_contact
contacts,C11273,duplicate_contact
contacts,C11274,duplicate_contact
contacts,C11275,duplicate_contact
contacts,C11276,duplicate_contact
contacts,C11277,duplicate_contact
contacts,C11278,duplicate_contact
contacts,C11279,duplicate_contact
contacts,C11280,duplicate_contact
contacts,C11281,duplicate_contact
contacts,C11282,duplicate_contact
contacts,C11283,duplicate_contact
contacts,C11284,duplicate_contact
contacts,C11285,duplicate_contact
contacts,C11286,duplicate_contact
contacts,C11287,duplicate_contact
contacts,C11288,duplicate_contact
contacts,C11289,duplicate_contact
contacts,C11290,duplicate_contact
contacts,C11291,duplicate_contact
contacts,C11292,duplicate_contact
contacts,C11293,duplicate_contact
contacts,C11294,duplicate_contact
contacts,C11295,duplicate_contact
contacts,C11296,duplicate_contact
contacts,C11297,duplicate_contact
contacts,C11298,duplicate_contact
contacts,C11299,duplicate_contact
contacts,C11300,duplicate_contact
contacts,C11301,duplicate_contact
contacts,C11302,duplicate_contact
contacts,C11303,duplicate_contact
contacts,C11304,duplicate_contact
contacts,C11305,duplicate_contact
contacts,C11306,duplicate_contact
contacts,C11307,duplicate_contact
contacts,C11308,duplicate_contact
contacts,C11309,duplicate_contact
contacts,C11310,duplicate_contact
contacts,C11311,duplicate_contact
contacts,C11312,duplicate_contact
contacts,C11313,duplicate_contact
contacts,C11314,duplicate_contact
contacts,C11315,duplicate_contact
contacts,C11316,duplicate_contact
contacts,C11317,duplicate_contact
contacts,C11318,duplicate_contact
contacts,C11319,duplicate_contact
contacts,C10805,missing_email
contacts,C10379,missing_email
contacts,C11076,missing_email
contacts,C10930,missing_email
contacts,C11098,missing_email
contacts,C10816,missing_email
contacts,C11025,missing_email
contacts,C10708,missing_email
contacts,C10455,missing_email
contacts,C11183,missing_email
contacts,C10655,missing_email
contacts,C11288,missing_email
contacts,C11111,missing_email
contacts,C10791,missing_email
contacts,C10932,missing_email
contacts,C11274,missing_email
contacts,C10276,missing_email
contacts,C10440,missing_email
contacts,C10088,missing_email
contacts,C10529,missing_email
contacts,C10156,missing_email
contacts,C10384,missing_email
contacts,C11066,missing_email
contacts,C10227,missing_email
contacts,C11218,missing_email
contacts,C10197,missing_email
contacts,C10677,missing_email
contacts,C11207,missing_email
contacts,C10217,missing_email
contacts,C10301,missing_email
contacts,C10603,missing_email
contacts,C10006,missing_email
contacts,C10151,missing_email
contacts,C11226,missing_email
contacts,C11039,missing_email
contacts,C10202,missing_email
contacts,C10422,missing_email
contacts,C10977,missing_email
contacts,C11010,missing_email
contacts,C10284,missing_email
contacts,C10103,missing_email
contacts,C10261,missing_email
contacts,C11029,missing_email
contacts,C10889,missing_email
contacts,C10159,missing_email
contacts,C10813,missing_email
contacts,C10401,missing_email
contacts,C10266,missing_email
contacts,C10563,missing_email
contacts,C10251,missing_email
contacts,C10810,missing_email
contacts,C10213,missing_email
contacts,C10349,missing_email
contacts,C10521,missing_email
contacts,C10593,missing_email
contacts,C10645,missing_email
contacts,C11223,missing_email
contacts,C10984,missing_email
contacts,C10076,missing_email
contacts,C10841,missing_email
contacts,C10759,missing_email
contacts,C10617,missing_email
contacts,C10564,missing_email
contacts,C10723,missing_email
contacts,C10762,missing_email
contacts,C11235,missing_email
contacts,C10295,missing_phone
contacts,C11109,missing_phone
contacts,C10098,missing_phone
contacts,C10348,missing_phone
contacts,C10704,missing_phone
contacts,C11217,missing_phone
contacts,C10188,missing_phone
contacts,C10359,missing_phone
contacts,C10306,missing_phone
contacts,C10860,missing_phone
contacts,C11045,missing_phone
contacts,C10204,missing_phone
contacts,C10953,missing_phone
contacts,C11079,missing_phone
contacts,C11010,missing_phone
contacts,C11255,missing_phone
contacts,C10834,missing_phone
contacts,C10133,missing_phone
contacts,C10470,missing_phone
contacts,C11046,missing_phone
contacts,C10725,missing_phone
contacts,C10694,missing_phone
contacts,C10305,missing_phone
contacts,C11249,missing_phone
contacts,C10072,missing_phone
contacts,C11091,missing_phone
contacts,C10576,missing_phone
contacts,C10555,missing_phone
contacts,C10345,missing_phone
contacts,C10590,missing_phone
contacts,C10174,missing_phone
contacts,C11298,missing_phone
contacts,C10307,missing_phone
contacts,C10772,missing_phone
contacts,C10638,missing_phone
contacts,C10687,missing_phone
contacts,C10672,missing_phone
contacts,C10274,missing_phone
contacts,C10241,missing_phone
contacts,C11077,missing_phone
contacts,C10843,missing_phone
contacts,C10784,missing_phone
contacts,C10037,missing_phone
contacts,C10867,missing_phone
contacts,C10179,missing_phone
contacts,C10558,missing_phone
contacts,C10399,missing_phone
contacts,C10333,missing_phone
contacts,C10128,missing_phone
contacts,C10213,missing_phone
contacts,C10455,missing_phone
contacts,C10080,missing_phone
contacts,C10908,missing_phone
contacts,C10175,missing_phone
contacts,C10097,missing_phone
contacts,C10935,missing_phone
contacts,C10606,missing_phone
contacts,C10980,missing_phone
contacts,C10845,missing_phone
contacts,C11140,missing_phone
contacts,C10484,missing_phone
contacts,C10801,missing_phone
contacts,C10993,missing_phone
contacts,C10454,missing_phone
contacts,C10837,missing_phone
contacts,C11016,missing_phone
contacts,C10681,missing_phone
contacts,C10041,missing_phone
contacts,C10936,missing_phone
contacts,C10818,missing_phone
contacts,C10421,missing_phone
contacts,C11018,missing_phone
contacts,C10541,missing_phone
contacts,C10525,missing_phone
contacts,C11183,missing_phone
contacts,C10335,missing_phone
contacts,C10469,missing_phone
contacts,C10575,missing_phone
contacts,C11284,missing_phone
contacts,C10512,missing_phone
contacts,C10552,missing_phone
contacts,C10062,missing_phone
contacts,C10572,missing_phone
contacts,C10477,missing_phone
contacts,C10713,missing_phone
contacts,C10215,missing_phone
contacts,C10233,missing_phone
contacts,C11025,missing_phone
contacts,C10185,missing_phone
contacts,C11066,missing_phone
contacts,C10257,missing_phone
contacts,C10739,missing_phone
contacts,C10583,missing_phone
contacts,C10742,missing_phone
contacts,C10315,missing_phone
contacts,C10580,missing_phone
contacts,C10486,missing_phone
contacts,C10406,missing_phone
contacts,C10662,missing_phone
contacts,C11124,missing_phone
contacts,C10802,missing_phone
contacts,C10144,missing_phone
contacts,C11277,missing_phone
contacts,C11162,missing_phone
contacts,C10994,missing_phone
contacts,C10337,missing_phone
contacts,C11244,missing_phone
contacts,C10478,missing_phone
contacts,C10138,missing_phone
contacts,C10995,missing_phone
contacts,C10356,missing_phone
contacts,C11043,missing_phone
contacts,C10747,missing_phone
contacts,C10948,missing_phone
contacts,C11161,missing_phone
contacts,C10783,missing_phone
contacts,C10511,missing_phone
contacts,C10045,missing_phone
contacts,C10289,missing_phone
contacts,C11017,missing_industry
contacts,C10911,missing_industry
contacts,C10415,missing_industry
contacts,C10866,missing_industry
contacts,C10887,missing_industry
contacts,C11134,missing_industry
contacts,C10373,missing_industry
contacts,C10113,missing_industry
contacts,C10324,missing_industry
contacts,C10029,missing_industry
contacts,C10059,missing_industry
contacts,C10212,missing_industry
contacts,C10647,missing_industry
contacts,C11183,missing_industry
contacts,C10298,missing_industry
contacts,C10070,missing_industry
contacts,C10697,missing_industry
contacts,C11259,missing_industry
contacts,C10639,missing_industry
contacts,C10947,missing_industry
contacts,C10138,missing_industry
contacts,C10523,missing_industry
contacts,C11133,missing_industry
contacts,C10426,missing_industry
contacts,C10703,missing_industry
contacts,C10436,missing_industry
contacts,C11140,missing_industry
contacts,C11036,missing_industry
contacts,C10224,missing_industry
contacts,C10379,missing_industry
contacts,C10312,missing_industry
contacts,C10063,missing_industry
contacts,C10104,missing_industry
contacts,C10600,missing_industry
contacts,C10403,missing_industry
contacts,C10496,missing_industry
contacts,C10544,missing_industry
contacts,C10005,missing_industry
contacts,C10576,missing_industry
contacts,C10757,missing_industry
contacts,C10487,missing_industry
contacts,C10515,missing_industry
contacts,C10300,missing_industry
contacts,C10064,missing_industry
contacts,C10907,missing_industry
contacts,C10781,missing_industry
contacts,C11079,missing_industry
contacts,C10912,missing_industry
contacts,C10529,missing_industry
contacts,C10572,missing_industry
contacts,C10317,missing_industry
contacts,C10319,missing_industry
contacts,C11155,missing_industry
contacts,C10776,missing_industry
contacts,C10678,missing_industry
contacts,C10262,missing_industry
contacts,C10172,missing_industry
contacts,C10293,missing_industry
contacts,C10258,missing_industry
contacts,C10964,missing_industry
contacts,C11184,missing_industry
contacts,C10708,missing_industry
contacts,C10726,missing_industry
contacts,C10809,missing_industry
contacts,C10638,missing_industry
contacts,C10858,missing_industry
contacts,C10206,missing_industry
contacts,C11152,missing_industry
contacts,C10546,missing_industry
contacts,C10144,missing_industry
contacts,C10106,missing_industry
contacts,C10222,missing_industry
contacts,C11127,missing_industry
contacts,C10513,missing_industry
contacts,C10898,missing_industry
contacts,C10607,missing_industry
contacts,C10003,missing_industry
contacts,C11204,missing_industry
contacts,C11178,missing_industry
contacts,C11296,missing_industry
contacts,C10492,missing_industry
contacts,C11254,missing_industry
contacts,C10001,missing_industry
contacts,C10575,missing_industry
contacts,C11043,missing_industry
contacts,C11314,missing_industry
contacts,C10067,missing_industry
contacts,C10754,missing_industry
contacts,C10653,missing_industry
contacts,C10409,missing_industry
contacts,C11299,missing_industry
contacts,C10656,missing_industry
contacts,C11131,missing_industry
contacts,C10637,missing_industry
contacts,C10645,missing_industry
contacts,C10961,missing_industry
contacts,C10594,missing_industry
contacts,C10082,missing_industry
contacts,C10956,missing_industry
contacts,C10461,missing_industry
contacts,C10582,missing_industry
contacts,C10428,missing_industry
contacts,C11038,missing_industry
contacts,C10599,missing_industry
contacts,C10535,missing_industry
contacts,C10687,missing_industry
contacts,C11156,missing_industry
contacts,C11285,missing_industry
contacts,C10872,missing_industry
contacts,C10100,missing_industry
contacts,C10908,missing_industry
contacts,C10294,missing_industry
contacts,C10876,missing_industry
contacts,C10640,missing_industry
contacts,C10619,missing_industry
contacts,C10167,missing_industry
contacts,C11035,missing_industry
contacts,C11181,missing_industry
contacts,C10216,missing_industry
contacts,C10078,missing_industry
contacts,C11151,missing_industry
contacts,C10404,missing_industry
contacts,C11295,missing_industry
contacts,C10952,missing_industry
contacts,C10574,missing_industry
contacts,C10124,missing_industry
contacts,C10508,missing_industry
contacts,C10367,missing_industry
contacts,C10388,missing_industry
contacts,C10548,missing_industry
contacts,C10253,missing_industry
contacts,C11094,missing_industry
contacts,C10387,missing_industry
contacts,C10970,missing_industry
contacts,C10534,missing_industry
contacts,C10500,missing_industry
contacts,C10684,missing_industry
contacts,C10791,missing_industry
contacts,C10127,missing_industry
contacts,C11168,missing_industry
contacts,C10655,missing_industry
contacts,C10642,missing_industry
contacts,C10383,missing_industry
contacts,C10145,missing_industry
contacts,C10914,missing_industry
contacts,C11062,missing_industry
contacts,C10339,missing_industry
contacts,C10034,missing_industry
contacts,C11008,missing_industry
contacts,C10761,missing_industry
contacts,C10855,missing_industry
contacts,C10261,missing_industry
contacts,C10129,missing_industry
contacts,C10465,missing_industry
contacts,C10921,missing_industry
contacts,C10636,missing_industry
contacts,C11110,missing_industry
contacts,C11212,missing_industry
contacts,C10391,missing_industry
contacts,C10851,missing_industry
contacts,C10967,missing_industry
contacts,C10741,missing_industry
contacts,C11125,missing_industry
contacts,C11065,missing_industry
contacts,C10031,missing_industry
contacts,C10734,missing_industry
contacts,C10322,missing_industry
contacts,C11274,missing_industry
contacts,C10502,missing_industry
contacts,C10441,missing_industry
contacts,C11307,missing_industry
contacts,C10098,missing_industry
contacts,C11157,missing_industry
contacts,C10536,missing_industry
contacts,C10590,missing_industry
contacts,C10814,missing_industry
contacts,C10900,missing_industry
contacts,C10565,missing_industry
contacts,C10053,missing_industry
contacts,C10934,missing_industry
contacts,C10662,missing_industry
contacts,C10450,missing_industry
contacts,C11011,missing_industry
contacts,C10948,missing_industry
contacts,C10650,missing_industry
contacts,C11190,missing_industry
contacts,C10557,missing_industry
contacts,C10229,missing_industry
contacts,C11088,missing_industry
contacts,C10035,missing_industry
contacts,C10740,missing_industry
contacts,C10996,missing_industry
contacts,C10279,missing_industry
contacts,C10676,missing_industry
contacts,C10683,missing_industry
contacts,C10609,missing_industry
contacts,C11076,missing_industry
contacts,C10807,missing_industry
contacts,C10909,missing_industry
contacts,C10047,missing_industry
contacts,C10651,missing_industry
contacts,C11293,missing_industry
contacts,C10429,missing_industry
contacts,C11121,missing_industry
contacts,C11244,missing_industry
contacts,C10528,missing_industry
contacts,C10087,missing_industry
contacts,C11179,missing_industry
contacts,C10888,missing_industry
contacts,C10115,missing_industry
contacts,C10122,missing_industry
contacts,C10206,missing_lead_source
contacts,C10956,missing_lead_source
contacts,C10110,missing_lead_source
contacts,C10295,missing_lead_source
contacts,C11039,missing_lead_source
contacts,C10099,missing_lead_source
contacts,C10898,missing_lead_source
contacts,C11219,missing_lead_source
contacts,C10176,missing_lead_source
contacts,C10502,missing_lead_source
contacts,C11123,missing_lead_source
contacts,C10046,missing_lead_source
contacts,C11269,missing_lead_source
contacts,C11283,missing_lead_source
contacts,C11000,missing_lead_source
contacts,C10106,missing_lead_source
contacts,C10059,missing_lead_source
contacts,C10319,missing_lead_source
contacts,C10056,missing_lead_source
contacts,C10846,missing_lead_source
contacts,C10055,missing_lead_source
contacts,C10117,missing_lead_source
contacts,C10377,missing_lead_source
contacts,C11267,missing_lead_source
contacts,C10736,missing_lead_source
contacts,C10028,missing_lead_source
contacts,C10242,missing_lead_source
contacts,C11268,missing_lead_source
contacts,C10460,missing_lead_source
contacts,C10287,missing_lead_source
contacts,C11024,missing_lead_source
contacts,C10666,missing_lead_source
contacts,C10526,missing_lead_source
contacts,C10326,missing_lead_source
contacts,C10168,missing_lead_source
contacts,C10369,missing_lead_source
contacts,C11072,missing_lead_source
contacts,C10442,missing_lead_source
contacts,C10334,missing_lead_source
contacts,C10348,missing_lead_source
contacts,C10035,missing_lead_source
contacts,C10744,missing_lead_source
contacts,C11028,missing_lead_source
contacts,C10248,missing_lead_source
contacts,C10583,missing_lead_source
contacts,C10325,missing_lead_source
contacts,C10671,missing_lead_source
contacts,C11082,missing_lead_source
contacts,C10315,missing_lead_source
contacts,C10500,missing_lead_source
contacts,C10866,missing_lead_source
contacts,C10311,missing_lead_source
contacts,C10828,missing_lead_source
contacts,C11266,missing_lead_source
contacts,C10314,missing_lead_source
contacts,C10259,missing_lead_source
contacts,C10395,missing_lead_source
contacts,C10148,missing_lead_source
contacts,C10030,missing_lead_source
contacts,C10967,missing_lead_source
contacts,C10447,missing_lead_source
contacts,C11035,missing_lead_source
contacts,C10178,missing_lead_source
contacts,C11137,missing_lead_source
contacts,C10670,missing_lead_source
contacts,C10669,missing_lead_source
contacts,C10420,missing_lead_source
contacts,C10005,missing_lead_source
contacts,C10630,missing_lead_source
contacts,C11317,missing_lead_source
contacts,C10054,missing_lead_source
contacts,C11016,missing_lead_source
contacts,C10060,missing_lead_source
contacts,C10977,missing_lead_source
contacts,C10457,missing_lead_source
contacts,C10418,missing_lead_source
contacts,C10513,missing_lead_source
contacts,C10911,missing_lead_source
contacts,C11150,missing_lead_source
contacts,C10714,missing_lead_source
contacts,C10510,missing_lead_source
contacts,C11008,missing_lead_source
contacts,C10783,missing_lead_source
contacts,C11019,missing_lead_source
contacts,C10388,missing_lead_source
contacts,C10992,missing_lead_source
contacts,C10010,missing_lead_source
contacts,C10433,missing_lead_source
contacts,C11017,missing_lead_source
contacts,C10867,missing_lead_source
contacts,C11098,missing_lead_source
contacts,C10050,missing_lead_source
contacts,C11153,missing_lead_source
contacts,C10351,missing_lead_source
contacts,C10324,missing_lead_source
contacts,C10686,missing_lead_source
contacts,C10201,missing_lead_source
contacts,C11084,missing_lead_source
contacts,C10051,missing_lead_source
contacts,C11050,missing_lead_source
contacts,C10309,missing_lead_source
contacts,C10571,missing_lead_source
contacts,C11034,missing_lead_source
contacts,C10161,missing_lead_source
contacts,C11094,missing_lead_source
contacts,C10521,missing_lead_source
contacts,C11095,missing_lead_source
contacts,C10555,missing_lead_source
contacts,C10083,missing_lead_source
contacts,C10695,missing_lead_source
contacts,C10889,missing_lead_source
contacts,C10838,missing_lead_source
contacts,C10469,missing_lead_source
contacts,C10430,missing_lead_source
contacts,C10246,missing_lead_source
contacts,C10486,missing_lead_source
contacts,C10873,missing_lead_source
contacts,C10483,missing_lead_source
contacts,C10979,missing_lead_source
contacts,C11113,missing_lead_source
contacts,C10378,missing_lead_source
contacts,C10219,missing_lead_source
contacts,C10160,missing_lead_source
contacts,C10175,missing_lead_source
contacts,C10623,missing_lead_source
contacts,C10478,missing_lead_source
contacts,C10562,missing_lead_source
contacts,C10835,missing_lead_source
contacts,C10527,missing_lead_source
contacts,C10392,missing_lead_source
contacts,C10836,missing_lead_source
contacts,C10929,missing_lead_source
contacts,C10108,missing_lead_source
contacts,C10254,missing_lead_source
contacts,C10530,missing_lead_source
contacts,C10647,missing_lead_source
contacts,C10126,missing_lead_source
contacts,C10288,missing_lead_source
contacts,C11159,missing_lead_source
contacts,C10568,missing_lead_source
contacts,C10615,missing_lead_source
contacts,C10888,missing_lead_source
contacts,C10202,missing_lead_source
contacts,C10689,missing_lead_source
contacts,C10374,missing_lead_source
contacts,C10081,missing_lead_source
contacts,C10811,missing_lead_source
contacts,C10733,missing_lead_source
contacts,C10848,missing_lead_source
contacts,C10156,missing_lead_source
contacts,C10164,missing_lead_source
contacts,C10405,missing_lead_source
contacts,C11124,missing_lead_source
contacts,C10137,missing_lead_source
contacts,C10095,missing_lead_source
contacts,C10780,missing_lead_source
contacts,C11087,missing_lead_source
contacts,C11099,missing_lead_source
contacts,C11229,missing_owner
contacts,C10141,missing_owner
contacts,C11035,missing_owner
contacts,C11112,missing_owner
contacts,C10404,missing_owner
contacts,C10721,missing_owner
contacts,C10016,missing_owner
contacts,C10601,missing_owner
contacts,C10359,missing_owner
contacts,C10631,missing_owner
contacts,C10157,missing_owner
contacts,C10012,missing_owner
contacts,C11183,missing_owner
contacts,C10076,missing_owner
contacts,C10305,missing_owner
contacts,C10952,missing_owner
contacts,C10528,missing_owner
contacts,C10352,missing_owner
contacts,C10826,missing_owner
contacts,C10341,missing_owner
contacts,C10662,missing_owner
contacts,C11145,missing_owner
contacts,C10990,missing_owner
contacts,C10201,missing_owner
contacts,C10152,missing_owner
contacts,C10935,missing_owner
contacts,C10291,missing_owner
contacts,C10351,missing_owner
contacts,C11082,missing_owner
contacts,C11164,missing_owner
contacts,C11208,missing_owner
contacts,C10006,missing_owner
contacts,C10224,missing_owner
contacts,C10754,missing_owner
contacts,C10087,missing_owner
contacts,C10499,missing_owner
contacts,C10771,missing_owner
contacts,C10578,missing_owner
contacts,C11286,missing_owner
contacts,C10441,missing_owner
contacts,C10705,missing_owner
contacts,C10804,missing_owner
contacts,C11086,missing_owner
contacts,C10311,missing_owner
contacts,C10641,missing_owner
contacts,C10743,missing_owner
contacts,C11077,missing_owner
contacts,C10663,missing_owner
contacts,C10318,missing_owner
contacts,C10259,missing_owner
contacts,C10194,missing_owner
contacts,C10167,missing_owner
contacts,C10648,missing_owner
contacts,C10849,missing_job_title
contacts,C11221,missing_job_title
contacts,C11135,missing_job_title
contacts,C10838,missing_job_title
contacts,C11120,missing_job_title
contacts,C10079,missing_job_title
contacts,C10510,missing_job_title
contacts,C10172,missing_job_title
contacts,C11193,missing_job_title
contacts,C10167,missing_job_title
contacts,C10355,missing_job_title
contacts,C10067,missing_job_title
contacts,C10650,missing_job_title
contacts,C10409,missing_job_title
contacts,C10988,missing_job_title
contacts,C10402,missing_job_title
contacts,C10735,missing_job_title
contacts,C10245,missing_job_title
contacts,C10478,missing_job_title
contacts,C10215,missing_job_title
contacts,C11295,missing_job_title
contacts,C10396,missing_job_title
contacts,C11278,missing_job_title
contacts,C10026,missing_job_title
contacts,C10379,missing_job_title
contacts,C10574,missing_job_title
contacts,C11003,missing_job_title
contacts,C10411,missing_job_title
contacts,C10464,missing_job_title
contacts,C10728,missing_job_title
contacts,C10400,missing_job_title
contacts,C11251,missing_job_title
contacts,C10811,missing_job_title
contacts,C11291,missing_job_title
contacts,C10132,missing_job_title
contacts,C10386,missing_job_title
contacts,C10332,missing_job_title
contacts,C10086,missing_job_title
contacts,C10309,missing_job_title
contacts,C11313,missing_job_title
contacts,C10618,missing_job_title
contacts,C10198,missing_job_title
contacts,C10928,missing_job_title
contacts,C10759,missing_job_title
contacts,C10207,missing_job_title
contacts,C10047,missing_job_title
contacts,C10581,missing_job_title
contacts,C10436,missing_job_title
contacts,C10528,missing_job_title
contacts,C11286,missing_job_title
contacts,C10743,missing_job_title
contacts,C10839,missing_job_title
contacts,C11197,missing_job_title
contacts,C10034,missing_job_title
contacts,C10192,missing_job_title
contacts,C10214,missing_job_title
contacts,C10010,missing_job_title
contacts,C10447,missing_job_title
contacts,C10943,missing_job_title
contacts,C11089,missing_job_title
contacts,C10862,missing_job_title
contacts,C10910,missing_job_title
contacts,C11287,missing_job_title
contacts,C10538,missing_job_title
contacts,C10178,missing_job_title
contacts,C10655,missing_job_title
contacts,C10502,missing_job_title
contacts,C10963,missing_job_title
contacts,C10405,missing_job_title
contacts,C10665,missing_job_title
contacts,C10450,missing_job_title
contacts,C10311,missing_job_title
contacts,C10907,missing_job_title
contacts,C10438,missing_job_title
contacts,C10187,missing_job_title
contacts,C10916,missing_job_title
contacts,C11276,missing_job_title
contacts,C11237,missing_job_title
contacts,C10339,missing_job_title
contacts,C10893,missing_job_title
contacts,C10745,missing_job_title
contacts,C10244,missing_job_title
contacts,C10936,missing_job_title
contacts,C10687,missing_job_title
contacts,C10462,missing_job_title
contacts,C11240,missing_job_title
contacts,C11136,missing_job_title
contacts,C10007,missing_job_title
contacts,C10744,missing_job_title
contacts,C11226,missing_job_title
contacts,C10608,missing_job_title
contacts,C10164,missing_job_title
contacts,C10955,missing_job_title
contacts,C11128,missing_job_title
contacts,C10331,missing_job_title
contacts,C10445,missing_job_title
contacts,C10560,missing_job_title
contacts,C10404,missing_job_title
contacts,C10594,missing_job_title
contacts,C10093,missing_job_title
contacts,C11088,missing_job_title
contacts,C10797,missing_job_title
contacts,C10080,missing_job_title
contacts,C10882,missing_job_title
contacts,C10588,missing_job_title
contacts,C10758,missing_job_title
contacts,C10527,missing_job_title
contacts,C11296,missing_job_title
contacts,C11293,missing_job_title
contacts,C11267,missing_job_title
contacts,C10326,missing_job_title
contacts,C10922,missing_job_title
contacts,C10940,missing_job_title
contacts,C11144,missing_job_title
contacts,C10179,missing_job_title
contacts,C10534,missing_job_title
contacts,C10791,missing_job_title
contacts,C10803,missing_job_title
contacts,C10746,missing_job_title
contacts,C10134,missing_job_title
contacts,C10802,missing_job_title
contacts,C10283,missing_job_title
contacts,C11054,missing_job_title
contacts,C10382,missing_job_title
contacts,C10346,missing_job_title
contacts,C10637,missing_job_title
contacts,C10361,missing_job_title
contacts,C10657,missing_job_title
contacts,C11140,missing_job_title
contacts,C10481,missing_job_title
contacts,C11047,missing_job_title
contacts,C10818,missing_job_title
contacts,C10023,invalid_email
contacts,C10975,invalid_email
contacts,C10610,invalid_email
contacts,C11162,invalid_email
contacts,C10942,invalid_email
contacts,C10194,invalid_email
contacts,C11236,invalid_email
contacts,C10385,invalid_email
contacts,C10298,invalid_email
contacts,C10012,invalid_email
contacts,C11159,invalid_email
contacts,C11260,invalid_email
contacts,C10193,invalid_email
contacts,C10132,invalid_email
contacts,C11179,invalid_email
contacts,C10981,invalid_email
contacts,C10069,invalid_email
contacts,C10354,invalid_email
contacts,C11285,invalid_email
contacts,C11192,invalid_email
contacts,C11016,invalid_email
contacts,C10189,invalid_email
contacts,C10399,invalid_email
contacts,C10591,invalid_email
contacts,C10162,invalid_email
contacts,C10060,invalid_email
contacts,C10729,invalid_email
contacts,C10155,invalid_email
contacts,C11193,invalid_email
contacts,C10173,invalid_email
contacts,C10750,invalid_email
contacts,C10994,invalid_email
contacts,C11269,invalid_email
contacts,C10418,invalid_email
contacts,C10150,invalid_email
contacts,C10086,invalid_email
contacts,C10625,invalid_email
contacts,C10275,invalid_email
contacts,C11272,invalid_email
contacts,C10363,invalid_email
contacts,C10929,invalid_email
contacts,C10756,invalid_email
contacts,C10714,invalid_email
contacts,C10007,invalid_email
contacts,C10133,invalid_email
contacts,C11210,invalid_email
contacts,C11313,invalid_email
contacts,C10315,invalid_email
contacts,C10021,invalid_email
contacts,C10271,invalid_email
contacts,C10901,invalid_phone
contacts,C10293,invalid_phone
contacts,C10882,invalid_phone
contacts,C10320,invalid_phone
contacts,C10749,invalid_phone
contacts,C11198,invalid_phone
contacts,C10444,invalid_phone
contacts,C10001,invalid_phone
contacts,C11031,invalid_phone
contacts,C10028,invalid_phone
contacts,C11054,invalid_phone
contacts,C10520,invalid_phone
contacts,C10225,invalid_phone
contacts,C10792,invalid_phone
contacts,C10495,invalid_phone
contacts,C10509,invalid_phone
contacts,C10517,invalid_phone
contacts,C11176,invalid_phone
contacts,C11005,invalid_phone
contacts,C10547,invalid_phone
contacts,C10846,invalid_phone
contacts,C11233,invalid_phone
contacts,C10585,invalid_phone
contacts,C10706,invalid_phone
contacts,C10368,invalid_phone
contacts,C10847,invalid_phone
contacts,C11191,invalid_phone
contacts,C10449,invalid_phone
contacts,C10602,invalid_phone
contacts,C10160,invalid_phone
contacts,C11180,invalid_phone
contacts,C11288,invalid_phone
contacts,C11049,invalid_phone
contacts,C10642,invalid_phone
contacts,C11155,invalid_phone
contacts,C10294,invalid_phone
contacts,C10678,inconsistent_city
contacts,C10136,inconsistent_city
contacts,C10725,inconsistent_city
contacts,C10352,inconsistent_city
contacts,C10585,inconsistent_city
contacts,C10958,inconsistent_city
contacts,C10689,inconsistent_city
contacts,C10580,inconsistent_city
contacts,C10393,inconsistent_city
contacts,C10694,inconsistent_city
contacts,C11161,inconsistent_city
contacts,C10822,inconsistent_city
contacts,C10129,inconsistent_city
contacts,C10774,inconsistent_city
contacts,C10609,inconsistent_city
contacts,C10415,inconsistent_city
contacts,C10280,inconsistent_city
contacts,C10524,inconsistent_city
contacts,C10944,inconsistent_city
contacts,C10053,inconsistent_city
contacts,C10098,inconsistent_city
contacts,C10048,inconsistent_city
contacts,C10569,inconsistent_city
contacts,C10974,inconsistent_city
contacts,C10478,inconsistent_city
contacts,C11124,inconsistent_city
contacts,C10521,inconsistent_city
contacts,C10004,inconsistent_city
contacts,C10857,inconsistent_city
contacts,C10133,inconsistent_city
contacts,C11024,inconsistent_city
contacts,C10663,inconsistent_city
contacts,C10519,inconsistent_city
contacts,C11232,inconsistent_city
contacts,C11022,inconsistent_city
contacts,C10294,inconsistent_city
contacts,C11197,inconsistent_city
contacts,C11084,inconsistent_city
contacts,C10467,inconsistent_city
contacts,C10665,inconsistent_city
contacts,C10626,inconsistent_city
contacts,C10212,inconsistent_city
contacts,C10040,inconsistent_city
contacts,C10340,inconsistent_city
contacts,C10943,inconsistent_city
contacts,C11266,inconsistent_city
contacts,C10703,inconsistent_city
contacts,C10684,inconsistent_city
contacts,C10929,inconsistent_city
contacts,C10960,inconsistent_city
contacts,C10634,inconsistent_city
contacts,C10776,inconsistent_city
contacts,C10394,inconsistent_city
contacts,C11153,inconsistent_city
contacts,C11151,inconsistent_city
contacts,C10297,inconsistent_city
contacts,C11239,inconsistent_city
contacts,C10363,inconsistent_city
contacts,C11281,inconsistent_city
contacts,C10997,inconsistent_city
contacts,C10924,inconsistent_city
contacts,C10449,inconsistent_city
contacts,C11146,inconsistent_city
contacts,C10050,inconsistent_city
contacts,C10123,inconsistent_city
contacts,C10635,inconsistent_city
contacts,C10604,inconsistent_city
contacts,C10760,inconsistent_city
contacts,C10740,inconsistent_city
contacts,C10591,inconsistent_city
contacts,C10985,inconsistent_city
contacts,C11038,inconsistent_city
contacts,C10914,inconsistent_city
contacts,C11313,inconsistent_city
contacts,C10895,inconsistent_city
contacts,C10843,inconsistent_city
contacts,C10417,inconsistent_city
contacts,C11251,inconsistent_city
contacts,C10005,inconsistent_city
contacts,C10883,inconsistent_city
contacts,C10479,inconsistent_city
contacts,C11031,inconsistent_city
contacts,C11249,inconsistent_city
contacts,C10522,inconsistent_city
contacts,C11294,inconsistent_city
contacts,C10453,inconsistent_city
contacts,C11209,inconsistent_city
contacts,C10898,inconsistent_city
contacts,C10166,inconsistent_city
contacts,C10312,inconsistent_city
contacts,C10654,inconsistent_city
contacts,C10600,inconsistent_city
contacts,C10789,inconsistent_city
contacts,C11079,inconsistent_city
contacts,C10491,inconsistent_city
contacts,C10891,inconsistent_city
contacts,C10993,inconsistent_city
contacts,C11114,inconsistent_city
contacts,C10283,inconsistent_city
contacts,C10111,inconsistent_city
contacts,C10668,inconsistent_city
contacts,C11047,inconsistent_city
contacts,C11227,inconsistent_city
contacts,C10096,inconsistent_city
contacts,C11061,inconsistent_city
contacts,C10292,inconsistent_city
contacts,C10607,inconsistent_city
contacts,C10441,inconsistent_city
contacts,C10173,inconsistent_city
contacts,C10487,inconsistent_city
contacts,C10086,inconsistent_city
contacts,C10748,inconsistent_city
contacts,C10464,inconsistent_city
contacts,C10188,inconsistent_city
contacts,C10629,inconsistent_city
contacts,C10749,inconsistent_city
contacts,C11304,inconsistent_city
contacts,C11154,inconsistent_city
contacts,C10905,inconsistent_city
contacts,C10342,inconsistent_city
contacts,C10691,inconsistent_city
contacts,C10124,inconsistent_city
contacts,C10661,inconsistent_city
contacts,C11051,inconsistent_city
contacts,C10884,inconsistent_city
contacts,C10737,inconsistent_city
contacts,C11271,inconsistent_city
contacts,C10413,inconsistent_city
contacts,C11206,inconsistent_city
contacts,C10973,inconsistent_city
contacts,C11238,inconsistent_city
contacts,C11259,inconsistent_city
contacts,C11185,inconsistent_city
contacts,C11057,inconsistent_city
contacts,C10002,inconsistent_city
contacts,C10755,inconsistent_city
contacts,C11223,inconsistent_city
contacts,C10593,inconsistent_city
contacts,C10681,inconsistent_city
contacts,C10768,inconsistent_city
contacts,C10062,inconsistent_city
contacts,C10410,inconsistent_city
contacts,C10954,inconsistent_city
contacts,C10281,inconsistent_city
contacts,C10870,inconsistent_city
contacts,C10378,inconsistent_city
contacts,C10927,inconsistent_city
contacts,C10149,inconsistent_city
contacts,C10433,inconsistent_city
contacts,C10202,inconsistent_city
contacts,C10543,inconsistent_city
contacts,C11237,inconsistent_city
contacts,C10995,inconsistent_city
contacts,C10562,inconsistent_city
contacts,C10247,inconsistent_city
contacts,C10351,inconsistent_city
contacts,C10965,inconsistent_city
contacts,C10064,inconsistent_city
contacts,C10949,inconsistent_industry
contacts,C10267,inconsistent_industry
contacts,C10670,inconsistent_industry
contacts,C10357,inconsistent_industry
contacts,C10592,inconsistent_industry
contacts,C10305,inconsistent_industry
contacts,C10881,inconsistent_industry
contacts,C11093,inconsistent_industry
contacts,C10221,inconsistent_industry
contacts,C10146,inconsistent_industry
contacts,C10218,inconsistent_industry
contacts,C10149,inconsistent_industry
contacts,C10287,inconsistent_industry
contacts,C10237,inconsistent_industry
contacts,C11173,inconsistent_industry
contacts,C10707,inconsistent_industry
contacts,C10223,inconsistent_industry
contacts,C10313,inconsistent_industry
contacts,C10895,inconsistent_industry
contacts,C10316,inconsistent_industry
contacts,C10369,inconsistent_industry
contacts,C10075,inconsistent_industry
contacts,C10824,inconsistent_industry
contacts,C10252,inconsistent_industry
contacts,C10905,inconsistent_industry
contacts,C10815,inconsistent_industry
contacts,C10286,inconsistent_industry
contacts,C10479,inconsistent_industry
contacts,C11123,inconsistent_industry
contacts,C10652,inconsistent_industry
contacts,C11237,inconsistent_industry
contacts,C10197,inconsistent_industry
contacts,C11235,inconsistent_industry
contacts,C10601,inconsistent_industry
contacts,C10992,inconsistent_industry
contacts,C10801,inconsistent_industry
contacts,C10986,inconsistent_industry
contacts,C10808,inconsistent_industry
contacts,C10132,inconsistent_industry
contacts,C11252,inconsistent_industry
contacts,C10980,inconsistent_industry
contacts,C10151,inconsistent_industry
contacts,C10013,inconsistent_industry
contacts,C10393,inconsistent_industry
contacts,C10786,inconsistent_industry
contacts,C11070,inconsistent_industry
contacts,C11005,inconsistent_industry
contacts,C10457,inconsistent_industry
contacts,C10408,inconsistent_industry
contacts,C10038,inconsistent_industry
contacts,C10309,inconsistent_industry
contacts,C11280,inconsistent_industry
contacts,C10306,inconsistent_industry
contacts,C10089,inconsistent_industry
contacts,C10974,inconsistent_industry
contacts,C10517,inconsistent_industry
contacts,C10738,inconsistent_industry
contacts,C10155,inconsistent_industry
contacts,C10406,inconsistent_industry
contacts,C11147,inconsistent_industry
contacts,C11261,inconsistent_industry
contacts,C10770,inconsistent_industry
contacts,C10102,inconsistent_industry
contacts,C10554,inconsistent_industry
contacts,C10052,inconsistent_industry
contacts,C10435,inconsistent_industry
contacts,C10521,inconsistent_industry
contacts,C11297,inconsistent_industry
contacts,C10079,inconsistent_industry
contacts,C10362,inconsistent_industry
contacts,C10196,inconsistent_industry
contacts,C10187,inconsistent_industry
contacts,C10467,inconsistent_industry
contacts,C10713,inconsistent_industry
contacts,C10142,inconsistent_industry
contacts,C10915,inconsistent_industry
contacts,C10796,inconsistent_industry
contacts,C10165,inconsistent_industry
contacts,C11030,inconsistent_industry
contacts,C11068,inconsistent_industry
contacts,C10226,inconsistent_industry
contacts,C10424,inconsistent_industry
contacts,C10530,inconsistent_industry
contacts,C10143,inconsistent_industry
contacts,C10302,inconsistent_industry
contacts,C10466,inconsistent_industry
contacts,C10486,inconsistent_industry
contacts,C11203,inconsistent_industry
contacts,C10790,inconsistent_industry
contacts,C10583,inconsistent_industry
contacts,C11045,inconsistent_industry
contacts,C10085,inconsistent_industry
contacts,C10660,inconsistent_industry
contacts,C10928,inconsistent_industry
contacts,C10932,inconsistent_industry
contacts,C11096,inconsistent_industry
contacts,C10927,inconsistent_industry
contacts,C10346,inconsistent_industry
contacts,C10539,inconsistent_industry
contacts,C10841,inconsistent_industry
contacts,C10511,inconsistent_industry
contacts,C10077,inconsistent_industry
contacts,C10673,inconsistent_industry
contacts,C10094,inconsistent_industry
contacts,C10213,inconsistent_industry
contacts,C10446,inconsistent_industry
contacts,C11089,inconsistent_industry
contacts,C10499,inconsistent_industry
contacts,C11020,inconsistent_industry
contacts,C10658,inconsistent_industry
contacts,C10716,inconsistent_industry
contacts,C10741,inconsistent_country
contacts,C11236,inconsistent_country
contacts,C11135,inconsistent_country
contacts,C10464,inconsistent_country
contacts,C11191,inconsistent_country
contacts,C11305,inconsistent_country
contacts,C10767,inconsistent_country
contacts,C10079,inconsistent_country
contacts,C10041,inconsistent_country
contacts,C10871,inconsistent_country
contacts,C11011,inconsistent_country
contacts,C10367,inconsistent_country
contacts,C10961,inconsistent_country
contacts,C10520,inconsistent_country
contacts,C10075,inconsistent_country
contacts,C10379,inconsistent_country
contacts,C10102,inconsistent_country
contacts,C10245,inconsistent_country
contacts,C11200,inconsistent_country
contacts,C10097,inconsistent_country
contacts,C10023,inconsistent_country
contacts,C11157,inconsistent_country
contacts,C11311,inconsistent_country
contacts,C10111,inconsistent_country
contacts,C10630,inconsistent_country
contacts,C10928,inconsistent_country
contacts,C10687,inconsistent_country
contacts,C10946,inconsistent_country
contacts,C10922,inconsistent_country
contacts,C11288,inconsistent_country
contacts,C10121,inconsistent_country
contacts,C11161,inconsistent_country
contacts,C10765,inconsistent_country
contacts,C10313,inconsistent_country
contacts,C10233,inconsistent_country
contacts,C10072,inconsistent_country
contacts,C10877,inconsistent_country
contacts,C11203,inconsistent_country
contacts,C11086,inconsistent_country
contacts,C10583,inconsistent_country
contacts,C10878,inconsistent_country
contacts,C10585,inconsistent_country
contacts,C10441,inconsistent_country
contacts,C11187,inconsistent_country
contacts,C10824,inconsistent_country
contacts,C11042,inconsistent_country
contacts,C11300,inconsistent_country
contacts,C11229,inconsistent_country
contacts,C10631,inconsistent_country
contacts,C10859,inconsistent_country
contacts,C11302,inconsistent_country
contacts,C11099,inconsistent_country
contacts,C10090,inconsistent_country
contacts,C10940,inconsistent_country
contacts,C10210,inconsistent_country
contacts,C10223,inconsistent_country
contacts,C10918,inconsistent_country
contacts,C11218,inconsistent_country
contacts,C10198,inconsistent_country
contacts,C10712,inconsistent_country
contacts,C11062,inconsistent_country
contacts,C10948,inconsistent_country
contacts,C11100,inconsistent_country
contacts,C10621,inconsistent_country
contacts,C10839,inconsistent_country
contacts,C10576,inconsistent_country
contacts,C10374,inconsistent_country
contacts,C11308,inconsistent_country
contacts,C10468,inconsistent_country
contacts,C11202,inconsistent_country
contacts,C11026,inconsistent_country
contacts,C11209,inconsistent_country
contacts,C11023,inconsistent_country
contacts,C10906,inconsistent_country
contacts,C10288,inconsistent_country
contacts,C10154,inconsistent_country
contacts,C10557,inconsistent_country
contacts,C10950,inconsistent_country
contacts,C10296,inconsistent_country
contacts,C10446,inconsistent_country
contacts,C10219,inconsistent_country
contacts,C10679,inconsistent_country
contacts,C10610,inconsistent_country
contacts,C11241,inconsistent_country
contacts,C10550,inconsistent_country
contacts,C10339,inconsistent_country
contacts,C11238,inconsistent_country
contacts,C10658,inconsistent_country
contacts,C10354,inconsistent_country
contacts,C10514,inconsistent_country
contacts,C10000,inconsistent_country
contacts,C10869,inconsistent_country
contacts,C10971,inconsistent_country
contacts,C10419,inconsistent_country
contacts,C10909,inconsistent_country
contacts,C10728,inconsistent_country
contacts,C11083,inconsistent_country
contacts,C10745,inconsistent_country
contacts,C10772,inconsistent_country
contacts,C11196,inconsistent_country
contacts,C10474,inconsistent_country
contacts,C11120,inconsistent_country
contacts,C10522,inconsistent_country
contacts,C10390,inconsistent_country
contacts,C10273,inconsistent_country
contacts,C10663,inconsistent_country
contacts,C10267,inconsistent_lead_source
contacts,C11045,inconsistent_lead_source
contacts,C10870,inconsistent_lead_source
contacts,C10774,inconsistent_lead_source
contacts,C11067,inconsistent_lead_source
contacts,C10071,inconsistent_lead_source
contacts,C10731,inconsistent_lead_source
contacts,C10226,inconsistent_lead_source
contacts,C10096,inconsistent_lead_source
contacts,C10445,inconsistent_lead_source
contacts,C10609,inconsistent_lead_source
contacts,C11136,inconsistent_lead_source
contacts,C11118,inconsistent_lead_source
contacts,C11195,inconsistent_lead_source
contacts,C10345,inconsistent_lead_source
contacts,C10132,inconsistent_lead_source
contacts,C11270,inconsistent_lead_source
contacts,C10636,inconsistent_lead_source
contacts,C10432,inconsistent_lead_source
contacts,C10617,inconsistent_lead_source
contacts,C10340,inconsistent_lead_source
contacts,C10675,inconsistent_lead_source
contacts,C11227,inconsistent_lead_source
contacts,C10634,inconsistent_lead_source
contacts,C10169,inconsistent_lead_source
contacts,C11213,inconsistent_lead_source
contacts,C10968,inconsistent_lead_source
contacts,C10391,inconsistent_lead_source
contacts,C11252,inconsistent_lead_source
contacts,C10903,inconsistent_lead_source
contacts,C10753,inconsistent_lead_source
contacts,C10189,inconsistent_lead_source
contacts,C10268,inconsistent_lead_source
contacts,C10247,inconsistent_lead_source
contacts,C10876,inconsistent_lead_source
contacts,C10747,inconsistent_lead_source
contacts,C10952,inconsistent_lead_source
contacts,C11027,inconsistent_lead_source
contacts,C10124,inconsistent_lead_source
contacts,C10782,inconsistent_lead_source
contacts,C10827,inconsistent_lead_source
contacts,C10173,inconsistent_lead_source
contacts,C10159,inconsistent_lead_source
contacts,C10306,inconsistent_lead_source
contacts,C10009,inconsistent_lead_source
contacts,C10362,inconsistent_lead_source
contacts,C10910,inconsistent_lead_source
contacts,C11183,inconsistent_lead_source
contacts,C10294,inconsistent_lead_source
contacts,C11133,inconsistent_lead_source
contacts,C10467,inconsistent_lead_source
contacts,C10853,inconsistent_lead_source
contacts,C10677,inconsistent_lead_source
contacts,C10759,inconsistent_lead_source
contacts,C10543,inconsistent_lead_source
contacts,C10624,inconsistent_lead_source
contacts,C10945,inconsistent_lead_source
contacts,C11294,inconsistent_lead_source
contacts,C11058,inconsistent_lead_source
contacts,C11242,inconsistent_lead_source
contacts,C10044,inconsistent_lead_source
contacts,C10724,inconsistent_lead_source
contacts,C10676,inconsistent_lead_source
contacts,C10038,inconsistent_lead_source
contacts,C10806,inconsistent_lead_source
contacts,C10553,inconsistent_lead_source
contacts,C10136,inconsistent_lead_source
contacts,C10278,inconsistent_lead_source
contacts,C10052,inconsistent_lead_source
contacts,C10593,inconsistent_lead_source
contacts,C11216,inconsistent_lead_source
contacts,C11088,inconsistent_lead_source
contacts,C10258,inconsistent_lead_source
contacts,C10803,inconsistent_lead_source
contacts,C10725,inconsistent_lead_source
contacts,C10487,inconsistent_lead_source
contacts,C11006,inconsistent_lead_source
contacts,C10631,inconsistent_lead_source
contacts,C10894,inconsistent_lead_source
contacts,C11237,inconsistent_lead_source
contacts,C11014,inconsistent_lead_source
contacts,C10302,inconsistent_lead_source
contacts,C10331,inconsistent_lead_source
contacts,C10654,inconsistent_lead_source
contacts,C11104,inconsistent_lead_source
contacts,C10179,inconsistent_lead_source
contacts,C11091,inconsistent_lead_source
contacts,C10283,inconsistent_lead_source
contacts,C10598,inconsistent_lead_source
contacts,C10072,inconsistent_lead_source
contacts,C10537,inconsistent_lead_source
contacts,C10019,inconsistent_lead_source
contacts,C11232,inconsistent_lead_source
contacts,C10536,future_date
contacts,C10630,future_date
contacts,C10386,future_date
contacts,C11103,future_date
contacts,C10140,future_date
contacts,C11069,future_date
contacts,C11318,future_date
deals,D51065,missing_amount
deals,D51358,missing_amount
deals,D51236,missing_amount
deals,D50129,missing_amount
deals,D50706,missing_amount
deals,D51359,missing_amount
deals,D50901,missing_amount
deals,D50288,missing_amount
deals,D51490,missing_amount
deals,D50302,missing_amount
deals,D51225,missing_amount
deals,D50167,missing_amount
deals,D50256,missing_amount
deals,D50342,missing_amount
deals,D51090,missing_amount
deals,D50789,missing_amount
deals,D51306,missing_amount
deals,D51469,missing_amount
deals,D50286,missing_amount
deals,D51460,missing_amount
deals,D50284,missing_amount
deals,D51450,missing_amount
deals,D50873,missing_amount
deals,D50616,missing_amount
deals,D51297,missing_amount
deals,D51146,missing_amount
deals,D50306,missing_amount
deals,D50219,missing_amount
deals,D50778,missing_amount
deals,D51005,missing_amount
deals,D51098,missing_amount
deals,D51102,missing_amount
deals,D50752,missing_amount
deals,D50060,missing_amount
deals,D50183,missing_amount
deals,D50919,missing_amount
deals,D50127,missing_amount
deals,D50661,missing_amount
deals,D50132,missing_amount
deals,D51071,missing_amount
deals,D51072,missing_amount
deals,D50639,missing_amount
deals,D50866,missing_amount
deals,D50301,missing_amount
deals,D50234,missing_amount
deals,D50652,missing_amount
deals,D50416,missing_amount
deals,D50618,missing_amount
deals,D50872,missing_amount
deals,D50197,missing_amount
deals,D50680,missing_amount
deals,D50014,missing_amount
deals,D51030,missing_amount
deals,D50658,missing_amount
deals,D50299,missing_amount
deals,D50815,missing_amount
deals,D50640,missing_amount
deals,D50570,missing_amount
deals,D51392,missing_amount
deals,D51202,missing_amount
deals,D50130,missing_amount
deals,D50085,missing_amount
deals,D50099,missing_amount
deals,D51210,missing_amount
deals,D50542,missing_amount
deals,D51487,missing_amount
deals,D50151,missing_amount
deals,D50726,missing_amount
deals,D50603,missing_amount
deals,D50841,missing_amount
deals,D51154,missing_amount
deals,D50504,missing_amount
deals,D50843,missing_amount
deals,D51137,missing_amount
deals,D50125,missing_amount
deals,D51290,negative_amount
deals,D51246,negative_amount
deals,D51409,negative_amount
deals,D50816,negative_amount
deals,D50257,negative_amount
deals,D50837,negative_amount
deals,D51063,negative_amount
deals,D50552,negative_amount
deals,D51109,negative_amount
deals,D51193,negative_amount
deals,D50672,negative_amount
deals,D50589,negative_amount
deals,D51421,negative_amount
deals,D50360,negative_amount
deals,D51362,close_before_created
deals,D51326,close_before_created
deals,D51064,close_before_created
deals,D50700,close_before_created
deals,D50863,close_before_created
deals,D50756,close_before_created
deals,D51018,close_before_created
deals,D50214,close_before_created
deals,D50165,close_before_created
deals,D51175,close_before_created
deals,D51087,close_before_created
deals,D51285,close_before_created
deals,D50691,close_before_created
deals,D50862,close_before_created
deals,D50727,close_before_created
deals,D50329,close_before_created
deals,D51301,close_before_created
deals,D51269,close_before_created
deals,D51031,close_before_created
deals,D50623,close_before_created
deals,D50145,close_before_created
deals,D51056,close_before_created
deals,D51122,close_before_created
deals,D50570,close_before_created
deals,D50166,close_before_created
deals,D51256,close_before_created
deals,D50744,close_before_created
deals,D51433,close_before_created
deals,D50831,close_before_created
deals,D50703,close_before_created
deals,D50610,orphan_deal
deals,D51328,orphan_deal
deals,D50018,orphan_deal
deals,D50320,orphan_deal
deals,D51042,orphan_deal
deals,D51078,orphan_deal
deals,D51287,orphan_deal
deals,D50128,orphan_deal
deals,D50007,orphan_deal
deals,D50911,orphan_deal
deals,D50539,orphan_deal
deals,D51064,orphan_deal
deals,D50442,orphan_deal
deals,D51169,orphan_deal
deals,D50258,orphan_deal
deals,D50339,orphan_deal
deals,D50117,orphan_deal
deals,D50726,orphan_deal
deals,D51373,orphan_deal
deals,D50200,orphan_deal
deals,D50483,orphan_deal
deals,D51382,orphan_deal
deals,D51048,orphan_deal
deals,D50081,orphan_deal
deals,D50350,orphan_deal
deals,D50846,orphan_deal
deals,D50415,orphan_deal
deals,D51025,orphan_deal
deals,D50549,orphan_deal
deals,D51206,orphan_deal
deals,D51425,inconsistent_stage
deals,D50057,inconsistent_stage
deals,D50556,inconsistent_stage
deals,D50745,inconsistent_stage
deals,D50264,inconsistent_stage
deals,D50247,inconsistent_stage
deals,D51410,inconsistent_stage
deals,D50617,inconsistent_stage
deals,D50176,inconsistent_stage
deals,D51095,inconsistent_stage
deals,D50425,inconsistent_stage
deals,D50562,inconsistent_stage
deals,D50207,inconsistent_stage
deals,D50320,inconsistent_stage
deals,D51134,inconsistent_stage
deals,D50046,inconsistent_stage
deals,D50907,inconsistent_stage
deals,D50297,inconsistent_stage
deals,D50239,inconsistent_stage
deals,D50824,inconsistent_stage
deals,D50009,inconsistent_stage
deals,D51302,inconsistent_stage
deals,D51240,inconsistent_stage
deals,D51167,inconsistent_stage
deals,D51158,inconsistent_stage
deals,D50841,inconsistent_stage
deals,D50958,inconsistent_stage
deals,D50338,inconsistent_stage
deals,D50752,inconsistent_stage
deals,D51089,inconsistent_stage
deals,D50397,inconsistent_stage
deals,D50435,inconsistent_stage
deals,D50279,inconsistent_stage
deals,D51139,inconsistent_stage
deals,D51125,inconsistent_stage
deals,D50927,inconsistent_stage
deals,D50072,inconsistent_stage
deals,D51329,inconsistent_stage
deals,D50132,inconsistent_stage
deals,D51101,inconsistent_stage
deals,D50675,inconsistent_stage
deals,D50309,inconsistent_stage
deals,D50386,inconsistent_stage
deals,D50491,inconsistent_stage
deals,D51448,inconsistent_stage
contacts,C10000,stale_record
contacts,C10031,stale_record
contacts,C10039,stale_record
contacts,C10048,stale_record
contacts,C10061,stale_record
contacts,C10067,stale_record
contacts,C10070,stale_record
contacts,C10104,stale_record
contacts,C10111,stale_record
contacts,C10123,stale_record
contacts,C10132,stale_record
contacts,C10159,stale_record
contacts,C10169,stale_record
contacts,C10179,stale_record
contacts,C10191,stale_record
contacts,C10212,stale_record
contacts,C10256,stale_record
contacts,C10264,stale_record
contacts,C10268,stale_record
contacts,C10304,stale_record
contacts,C10308,stale_record
contacts,C10324,stale_record
contacts,C10350,stale_record
contacts,C10382,stale_record
contacts,C10388,stale_record
contacts,C10396,stale_record
contacts,C10400,stale_record
contacts,C10413,stale_record
contacts,C10421,stale_record
contacts,C10426,stale_record
contacts,C10430,stale_record
contacts,C10433,stale_record
contacts,C10437,stale_record
contacts,C10441,stale_record
contacts,C10460,stale_record
contacts,C10503,stale_record
contacts,C10510,stale_record
contacts,C10524,stale_record
contacts,C10544,stale_record
contacts,C10550,stale_record
contacts,C10563,stale_record
contacts,C10590,stale_record
contacts,C10626,stale_record
contacts,C10631,stale_record
contacts,C10634,stale_record
contacts,C10639,stale_record
contacts,C10654,stale_record
contacts,C10666,stale_record
contacts,C10675,stale_record
contacts,C10679,stale_record
contacts,C10687,stale_record
contacts,C10691,stale_record
contacts,C10696,stale_record
contacts,C10697,stale_record
contacts,C10698,stale_record
contacts,C10749,stale_record
contacts,C10750,stale_record
contacts,C10761,stale_record
contacts,C10766,stale_record
contacts,C10794,stale_record
contacts,C10796,stale_record
contacts,C10816,stale_record
contacts,C10820,stale_record
contacts,C10821,stale_record
contacts,C10827,stale_record
contacts,C10845,stale_record
contacts,C10851,stale_record
contacts,C10852,stale_record
contacts,C10882,stale_record
contacts,C10887,stale_record
contacts,C10895,stale_record
contacts,C10925,stale_record
contacts,C10936,stale_record
contacts,C10964,stale_record
contacts,C10975,stale_record
contacts,C10991,stale_record
contacts,C11013,stale_record
contacts,C11015,stale_record
contacts,C11043,stale_record
contacts,C11056,stale_record
contacts,C11069,stale_record
contacts,C11073,stale_record
contacts,C11090,stale_record
contacts,C11092,stale_record
contacts,C11095,stale_record
contacts,C11104,stale_record
contacts,C11113,stale_record
contacts,C11123,stale_record
contacts,C11126,stale_record
contacts,C11171,stale_record
contacts,C11178,stale_record
contacts,C11180,stale_record
contacts,C11183,stale_record
contacts,C11200,stale_record
contacts,C11210,stale_record
contacts,C11237,stale_record
contacts,C11275,stale_record
contacts,C11309,stale_record
contacts,C11313,stale_record
deals,D50001,overdue_open_deal
deals,D50009,overdue_open_deal
deals,D50017,overdue_open_deal
deals,D50023,overdue_open_deal
deals,D50027,overdue_open_deal
deals,D50042,overdue_open_deal
deals,D50043,overdue_open_deal
deals,D50046,overdue_open_deal
deals,D50051,overdue_open_deal
deals,D50052,overdue_open_deal
deals,D50059,overdue_open_deal
deals,D50074,overdue_open_deal
deals,D50075,overdue_open_deal
deals,D50078,overdue_open_deal
deals,D50082,overdue_open_deal
deals,D50090,overdue_open_deal
deals,D50102,overdue_open_deal
deals,D50107,overdue_open_deal
deals,D50119,overdue_open_deal
deals,D50130,overdue_open_deal
deals,D50142,overdue_open_deal
deals,D50145,overdue_open_deal
deals,D50150,overdue_open_deal
deals,D50165,overdue_open_deal
deals,D50166,overdue_open_deal
deals,D50175,overdue_open_deal
deals,D50176,overdue_open_deal
deals,D50180,overdue_open_deal
deals,D50183,overdue_open_deal
deals,D50185,overdue_open_deal
deals,D50187,overdue_open_deal
deals,D50191,overdue_open_deal
deals,D50198,overdue_open_deal
deals,D50200,overdue_open_deal
deals,D50201,overdue_open_deal
deals,D50202,overdue_open_deal
deals,D50203,overdue_open_deal
deals,D50207,overdue_open_deal
deals,D50208,overdue_open_deal
deals,D50225,overdue_open_deal
deals,D50230,overdue_open_deal
deals,D50239,overdue_open_deal
deals,D50257,overdue_open_deal
deals,D50260,overdue_open_deal
deals,D50264,overdue_open_deal
deals,D50271,overdue_open_deal
deals,D50273,overdue_open_deal
deals,D50274,overdue_open_deal
deals,D50276,overdue_open_deal
deals,D50280,overdue_open_deal
deals,D50285,overdue_open_deal
deals,D50288,overdue_open_deal
deals,D50290,overdue_open_deal
deals,D50291,overdue_open_deal
deals,D50301,overdue_open_deal
deals,D50303,overdue_open_deal
deals,D50304,overdue_open_deal
deals,D50317,overdue_open_deal
deals,D50337,overdue_open_deal
deals,D50341,overdue_open_deal
deals,D50363,overdue_open_deal
deals,D50364,overdue_open_deal
deals,D50365,overdue_open_deal
deals,D50368,overdue_open_deal
deals,D50386,overdue_open_deal
deals,D50389,overdue_open_deal
deals,D50390,overdue_open_deal
deals,D50406,overdue_open_deal
deals,D50414,overdue_open_deal
deals,D50415,overdue_open_deal
deals,D50427,overdue_open_deal
deals,D50432,overdue_open_deal
deals,D50435,overdue_open_deal
deals,D50439,overdue_open_deal
deals,D50441,overdue_open_deal
deals,D50442,overdue_open_deal
deals,D50446,overdue_open_deal
deals,D50447,overdue_open_deal
deals,D50448,overdue_open_deal
deals,D50459,overdue_open_deal
deals,D50461,overdue_open_deal
deals,D50472,overdue_open_deal
deals,D50479,overdue_open_deal
deals,D50500,overdue_open_deal
deals,D50501,overdue_open_deal
deals,D50506,overdue_open_deal
deals,D50520,overdue_open_deal
deals,D50521,overdue_open_deal
deals,D50537,overdue_open_deal
deals,D50550,overdue_open_deal
deals,D50556,overdue_open_deal
deals,D50560,overdue_open_deal
deals,D50568,overdue_open_deal
deals,D50575,overdue_open_deal
deals,D50576,overdue_open_deal
deals,D50578,overdue_open_deal
deals,D50579,overdue_open_deal
deals,D50580,overdue_open_deal
deals,D50584,overdue_open_deal
deals,D50589,overdue_open_deal
deals,D50590,overdue_open_deal
deals,D50595,overdue_open_deal
deals,D50596,overdue_open_deal
deals,D50599,overdue_open_deal
deals,D50610,overdue_open_deal
deals,D50613,overdue_open_deal
deals,D50615,overdue_open_deal
deals,D50618,overdue_open_deal
deals,D50626,overdue_open_deal
deals,D50627,overdue_open_deal
deals,D50631,overdue_open_deal
deals,D50633,overdue_open_deal
deals,D50641,overdue_open_deal
deals,D50642,overdue_open_deal
deals,D50650,overdue_open_deal
deals,D50653,overdue_open_deal
deals,D50654,overdue_open_deal
deals,D50655,overdue_open_deal
deals,D50656,overdue_open_deal
deals,D50665,overdue_open_deal
deals,D50672,overdue_open_deal
deals,D50675,overdue_open_deal
deals,D50693,overdue_open_deal
deals,D50704,overdue_open_deal
deals,D50709,overdue_open_deal
deals,D50711,overdue_open_deal
deals,D50713,overdue_open_deal
deals,D50714,overdue_open_deal
deals,D50719,overdue_open_deal
deals,D50720,overdue_open_deal
deals,D50723,overdue_open_deal
deals,D50724,overdue_open_deal
deals,D50730,overdue_open_deal
deals,D50740,overdue_open_deal
deals,D50743,overdue_open_deal
deals,D50744,overdue_open_deal
deals,D50745,overdue_open_deal
deals,D50752,overdue_open_deal
deals,D50760,overdue_open_deal
deals,D50763,overdue_open_deal
deals,D50766,overdue_open_deal
deals,D50770,overdue_open_deal
deals,D50795,overdue_open_deal
deals,D50800,overdue_open_deal
deals,D50807,overdue_open_deal
deals,D50820,overdue_open_deal
deals,D50842,overdue_open_deal
deals,D50859,overdue_open_deal
deals,D50861,overdue_open_deal
deals,D50862,overdue_open_deal
deals,D50873,overdue_open_deal
deals,D50878,overdue_open_deal
deals,D50883,overdue_open_deal
deals,D50886,overdue_open_deal
deals,D50887,overdue_open_deal
deals,D50889,overdue_open_deal
deals,D50891,overdue_open_deal
deals,D50932,overdue_open_deal
deals,D50941,overdue_open_deal
deals,D50950,overdue_open_deal
deals,D50960,overdue_open_deal
deals,D50974,overdue_open_deal
deals,D50975,overdue_open_deal
deals,D50987,overdue_open_deal
deals,D50989,overdue_open_deal
deals,D50990,overdue_open_deal
deals,D51009,overdue_open_deal
deals,D51018,overdue_open_deal
deals,D51021,overdue_open_deal
deals,D51025,overdue_open_deal
deals,D51033,overdue_open_deal
deals,D51046,overdue_open_deal
deals,D51047,overdue_open_deal
deals,D51055,overdue_open_deal
deals,D51058,overdue_open_deal
deals,D51066,overdue_open_deal
deals,D51081,overdue_open_deal
deals,D51090,overdue_open_deal
deals,D51112,overdue_open_deal
deals,D51116,overdue_open_deal
deals,D51118,overdue_open_deal
deals,D51121,overdue_open_deal
deals,D51130,overdue_open_deal
deals,D51134,overdue_open_deal
deals,D51146,overdue_open_deal
deals,D51148,overdue_open_deal
deals,D51152,overdue_open_deal
deals,D51173,overdue_open_deal
deals,D51175,overdue_open_deal
deals,D51179,overdue_open_deal
deals,D51181,overdue_open_deal
deals,D51182,overdue_open_deal
deals,D51185,overdue_open_deal
deals,D51190,overdue_open_deal
deals,D51199,overdue_open_deal
deals,D51211,overdue_open_deal
deals,D51212,overdue_open_deal
deals,D51214,overdue_open_deal
deals,D51215,overdue_open_deal
deals,D51219,overdue_open_deal
deals,D51223,overdue_open_deal
deals,D51224,overdue_open_deal
deals,D51228,overdue_open_deal
deals,D51233,overdue_open_deal
deals,D51240,overdue_open_deal
deals,D51241,overdue_open_deal
deals,D51244,overdue_open_deal
deals,D51252,overdue_open_deal
deals,D51256,overdue_open_deal
deals,D51262,overdue_open_deal
deals,D51267,overdue_open_deal
deals,D51269,overdue_open_deal
deals,D51276,overdue_open_deal
deals,D51277,overdue_open_deal
deals,D51288,overdue_open_deal
deals,D51295,overdue_open_deal
deals,D51310,overdue_open_deal
deals,D51315,overdue_open_deal
deals,D51331,overdue_open_deal
deals,D51338,overdue_open_deal
deals,D51345,overdue_open_deal
deals,D51349,overdue_open_deal
deals,D51377,overdue_open_deal
deals,D51378,overdue_open_deal
deals,D51385,overdue_open_deal
deals,D51395,overdue_open_deal
deals,D51396,overdue_open_deal
deals,D51397,overdue_open_deal
deals,D51414,overdue_open_deal
deals,D51420,overdue_open_deal
deals,D51424,overdue_open_deal
deals,D51425,overdue_open_deal
deals,D51436,overdue_open_deal
deals,D51441,overdue_open_deal
deals,D51445,overdue_open_deal
deals,D51448,overdue_open_deal
deals,D51464,overdue_open_deal
deals,D51483,overdue_open_deal
deals,D51488,overdue_open_deal
deals,D51492,overdue_open_deal
deals,D51493,overdue_open_deal
